Id	Label	Weight
99	Smite	10199
99	runescape	7525
99	Bitcoin	10013
99	relationships	28889
99	GlobalOffensive	46687
99	U4G	5
99	Showerthoughts	65871
99	2007scape	12271
99	WTF	126644
99	soccer	41649
99	Fireteams	25863
99	offmychest	10269
99	electronic_cigarette	18038
99	food	25992
99	trees	44332
99	smashbros	16803
99	Jokes	26020
99	Fitness	36055
99	gifs	99584
99	Art	8767
99	tipofmypenis	2858
99	nfl	41594
99	AskReddit	570735
99	techsupport	10277
99	ClashOfClans	8110
99	CasualConversation	15431
99	FIFA	8069
99	mildlyinteresting	55938
99	PornGifsbyBot	21
99	sex	16426
99	POLITIC	593
99	Android	23859
99	PS4	19485
99	gameofthrones	35087
99	heroesofthestorm	13906
99	wow	21365
99	AdviceAnimals	115816
99	modlog	86
99	leagueoflegends	119324
99	worldnews	99264
99	pcmasterrace	91913
99	business	3548
99	witcher	25187
99	circlejerk	5775
99	news	98737
99	WritingPrompts	13425
99	personalfinance	27571
99	pics	205311
99	buildapc	21502
99	todayilearned	147096
99	Music	44001
99	tifu	52914
99	spam	388
99	SquaredCircle	20378
99	autotldr	82
99	sports	23258
99	explainlikeimfive	62075
99	tipofmytongue	11329
99	hiphopheads	19347
99	dirtykikpals	2059
99	Kikpals	1291
99	dirtypenpals	2446
99	FreeStuffNYC	8
99	r4r	4030
99	NoFap	8619
99	gonewild	20724
99	television	32758
99	betternews	169
99	havoc_bot	43
99	movies	92486
99	DotA2	41467
99	KerbalSpaceProgram	11056
99	videos	157630
99	conspiro	99
99	india	5551
99	newsokur	2998
99	conspiracy	11495
99	politics	38492
99	technology	43639
99	nba	45035
99	funny	224081
99	thebutton	43619
99	travel	7006
99	DestinyTheGame	37009
99	amiibo	11942
99	depression	7239
99	GlobalOffensiveTrade	7571
99	gaming	114300
99	me_irl	12172
99	aww	70301
99	askscience	12541
99	hearthstone	30322
99	HeistTeams	2973
99	listentothis	5651
